<?xml version="1.0" encoding="utf-8" ?>
<odoo>
  <data noupdate="1">
    <!-- Auctions Products  -->
    <record id="abstract_painting_product" model="product.product">
      <field name="name">Abstract Art Painting</field>
      <field name="sale_ok">1</field>
      <field name="list_price">399</field>
      <field name="website_published">1</field>
      <field name="website_sequence">1</field>
      <field name="image_1920" type="base64" file="website_auction/static/src/img/demo_images/abstract_art.jpg" />
    </record>

    <record id="antique_telephone_product" model="product.product">
      <field name="name">Old Vintage Black Phone</field>
      <field name="sale_ok">1</field>
      <field name="list_price">599</field>
      <field name="website_published">1</field>
      <field name="website_sequence">1</field>
      <field name="image_1920" type="base64" file="website_auction/static/src/img/demo_images/old_vintage_black_phone.jpg" />
    </record>

    <record id="art_painting_product" model="product.product">
      <field name="name">Flower Ink Abstract</field>
      <field name="sale_ok">1</field>
      <field name="list_price">499</field>
      <field name="website_published">1</field>
      <field name="website_sequence">1</field>
      <field name="image_1920" type="base64" file="website_auction/static/src/img/demo_images/flower_ink_abstract.jpg" />
    </record>

    <record id="colourful_painting_product" model="product.product">
      <field name="name">Art of Empathy</field>
      <field name="sale_ok">1</field>
      <field name="list_price">459</field>
      <field name="website_published">1</field>
      <field name="website_sequence">1</field>
      <field name="image_1920" type="base64" file="website_auction/static/src/img/demo_images/art_of_empathy.jpg" />
    </record>

    <record id="antique_piano_product" model="product.product">
      <field name="name">Old Vintage Piano</field>
      <field name="sale_ok">1</field>
      <field name="list_price">588</field>
      <field name="website_published">1</field>
      <field name="website_sequence">1</field>
      <field name="image_1920" type="base64" file="website_auction/static/src/img/demo_images/antique_piano.jpg" />
    </record>

    <record id="antique_typewriter_product" model="product.product">
      <field name="name">Antique Typewriter</field>
      <field name="sale_ok">1</field>
      <field name="list_price">650</field>
      <field name="website_published">1</field>
      <field name="website_sequence">1</field>
      <field name="image_1920" type="base64" file="website_auction/static/src/img/demo_images/antique_typewriter.jpg" />
    </record>

    <record id="bmw_alloy_wheels_product" model="product.product">
      <field name="name">Bmw Alloy Wheels</field>
      <field name="sale_ok">1</field>
      <field name="list_price">350</field>
      <field name="website_published">1</field>
      <field name="website_sequence">1</field>
      <field name="image_1920" type="base64" file="website_auction/static/src/img/demo_images/bmw_alloy_wheels.jpg" />
    </record>

    <record id="wynwood_walls_product" model="product.product">
      <field name="name">Wynwood Walls</field>
      <field name="sale_ok">1</field>
      <field name="list_price">430</field>
      <field name="website_published">1</field>
      <field name="website_sequence">1</field>
      <field name="image_1920" type="base64" file="website_auction/static/src/img/demo_images/wynwood_walls.jpg" />
    </record>

    <!-- Live Auctions Demo Data   -->
    <record id="antique_telephone_on_auction" model="wk.website.auction">
      <field name="name">Old Vintage Black Phone</field>
      <field name="state">running</field>
      <field name="bid_increment_rule_ids" eval="[
    						(4, ref('website_auction.wk_bid_increment_rule_1_to_500')),
                (4, ref('website_auction.wk_bid_increment_rule_500_to_1000')),
                (4, ref('website_auction.wk_bid_increment_rule_1000_to_5000')),
                (4, ref('website_auction.wk_bid_increment_rule_5000_to_10000')),
    				]" />
      <field name="product_id" ref="website_auction.antique_telephone_product" />
      <field name="product_tmpl_id" ref="website_auction.antique_telephone_product_product_template" />
      <field name="product_name">Old Vintage Black Phone On Auction</field>
      <field name="product_description_sale">Old Vintage Black Phone On Auction</field>
      <field name="product_image" type="base64" file="website_auction/static/src/img/demo_images/old_vintage_black_phone.jpg" />
    </record>

    <record id="art_painting_on_auction" model="wk.website.auction">
      <field name="name">Flower Ink Abstract</field>
      <field name="state">running</field>
      <field name="bid_increment_rule_ids" eval="[
    						(4, ref('website_auction.wk_bid_increment_rule_1_to_500')),
                (4, ref('website_auction.wk_bid_increment_rule_500_to_1000')),
                (4, ref('website_auction.wk_bid_increment_rule_1000_to_5000')),
                (4, ref('website_auction.wk_bid_increment_rule_5000_to_10000')),
    				]" />
      <field name="product_id" ref="website_auction.art_painting_product" />
      <field name="product_tmpl_id" ref="website_auction.art_painting_product_product_template" />
      <field name="product_name">Flower Ink Abstract On Auction</field>
      <field name="product_description_sale">Flower Ink Abstract On Auction</field>
      <field name="product_image" type="base64" file="website_auction/static/src/img/demo_images/flower_ink_abstract.jpg" />
    </record>

    <record id="colourful_painting_on_auction" model="wk.website.auction">
      <field name="name">Art of Empathy</field>
      <field name="state">running</field>
      <field name="bid_increment_rule_ids" eval="[
    						(4, ref('website_auction.wk_bid_increment_rule_1_to_500')),
                (4, ref('website_auction.wk_bid_increment_rule_500_to_1000')),
                (4, ref('website_auction.wk_bid_increment_rule_1000_to_5000')),
                (4, ref('website_auction.wk_bid_increment_rule_5000_to_10000')),
    				]" />
      <field name="product_id" ref="website_auction.colourful_painting_product" />
      <field name="product_tmpl_id" ref="website_auction.colourful_painting_product_product_template" />
      <field name="product_name">Art of Empathy On Auction</field>
      <field name="product_description_sale">Art of Empathy On Auction</field>
      <field name="product_image" type="base64" file="website_auction/static/src/img/demo_images/art_of_empathy.jpg" />
    </record>

    <record id="antique_piano_on_auction" model="wk.website.auction">
      <field name="name">Old Vintage Piano</field>
      <field name="state">running</field>
      <field name="bid_increment_rule_ids" eval="[
    						(4, ref('website_auction.wk_bid_increment_rule_1_to_500')),
                (4, ref('website_auction.wk_bid_increment_rule_500_to_1000')),
                (4, ref('website_auction.wk_bid_increment_rule_1000_to_5000')),
                (4, ref('website_auction.wk_bid_increment_rule_5000_to_10000')),
    				]" />
      <field name="product_id" ref="website_auction.antique_piano_product" />
      <field name="product_tmpl_id" ref="website_auction.antique_piano_product_product_template" />
      <field name="product_name">Old Vintage Piano On Auction</field>
      <field name="product_description_sale">Old Vintage Piano On Auction</field>
      <field name="product_image" type="base64" file="website_auction/static/src/img/demo_images/antique_piano.jpg" />
    </record>

    <record id="bmw_alloy_wheels_on_auction" model="wk.website.auction">
      <field name="name">Bmw Alloy Wheels</field>
      <field name="state">running</field>
      <field name="bid_increment_rule_ids" eval="[
    						(4, ref('website_auction.wk_bid_increment_rule_1_to_500')),
                (4, ref('website_auction.wk_bid_increment_rule_500_to_1000')),
                (4, ref('website_auction.wk_bid_increment_rule_1000_to_5000')),
                (4, ref('website_auction.wk_bid_increment_rule_5000_to_10000')),
    				]" />
      <field name="product_id" ref="website_auction.bmw_alloy_wheels_product" />
      <field name="product_tmpl_id" ref="website_auction.bmw_alloy_wheels_product_product_template" />
      <field name="product_name">Bmw Alloy Wheels On Auction</field>
      <field name="product_description_sale">Bmw Alloy Wheels On Auction</field>
      <field name="product_image" type="base64" file="website_auction/static/src/img/demo_images/bmw_alloy_wheels.jpg" />
    </record>

    <record id="antique_typewriter_on_auction" model="wk.website.auction">
      <field name="name">Antique Typewriter</field>
      <field name="state">running</field>
      <field name="bid_increment_rule_ids" eval="[
    						(4, ref('website_auction.wk_bid_increment_rule_1_to_500')),
                (4, ref('website_auction.wk_bid_increment_rule_500_to_1000')),
                (4, ref('website_auction.wk_bid_increment_rule_1000_to_5000')),
                (4, ref('website_auction.wk_bid_increment_rule_5000_to_10000')),
    				]" />
      <field name="product_id" ref="website_auction.antique_typewriter_product" />
      <field name="product_tmpl_id" ref="website_auction.antique_typewriter_product_product_template" />
      <field name="product_name">Antique Typewriter On Auction</field>
      <field name="product_description_sale">Antique Typewriter On Auction</field>
      <field name="product_image" type="base64" file="website_auction/static/src/img/demo_images/antique_typewriter.jpg" />
    </record>

    <!-- Completed Auctions Demo Data  -->
    <record id="abstract_painting_on_auction" model="wk.website.auction">
      <field name="name">Abstract Art Painting</field>
      <field name="state">complete</field>
      <field name="bid_increment_rule_ids" eval="[
      (4, ref('website_auction.wk_bid_increment_rule_1_to_500')),
                (4, ref('website_auction.wk_bid_increment_rule_500_to_1000')),
                (4, ref('website_auction.wk_bid_increment_rule_1000_to_5000')),
                (4, ref('website_auction.wk_bid_increment_rule_5000_to_10000')),
    				]" />
      <field name="product_id" ref="website_auction.abstract_painting_product" />
      <field name="product_tmpl_id" ref="website_auction.abstract_painting_product_product_template" />
      <field name="end_date" eval="(datetime.now() + relativedelta(minutes=10)).strftime('%Y-%m-%d')" />
      <field name="product_name">Abstract Art Painting On Auction</field>
      <field name="product_description_sale">Abstract Painting On Auction</field>
      <field name="product_image" type="base64" file="website_auction/static/src/img/demo_images/abstract_art.jpg" />
    </record>

    <record id="wynwood_walls_on_auction" model="wk.website.auction">
      <field name="name">Wynwood Walls</field>
      <field name="state">running</field>
      <field name="bid_increment_rule_ids" eval="[
    						(4, ref('website_auction.wk_bid_increment_rule_1_to_500')),
                (4, ref('website_auction.wk_bid_increment_rule_500_to_1000')),
                (4, ref('website_auction.wk_bid_increment_rule_1000_to_5000')),
                (4, ref('website_auction.wk_bid_increment_rule_5000_to_10000')),
    				]" />
      <field name="product_id" ref="website_auction.wynwood_walls_product" />
      <field name="product_tmpl_id" ref="website_auction.wynwood_walls_product_product_template" />
      <field name="product_name">Wynwood Walls On Auction</field>
      <field name="product_description_sale">Wynwood Walls On Auction</field>
      <field name="product_image" type="base64" file="website_auction/static/src/img/demo_images/wynwood_walls.jpg" />
    </record>

    <record id="auction_product_bidder" model="wk.auction.bidder">
     <field name="partner_id" ref="base.partner_admin"/>
     <field name="bid_offer">500</field>
     <field name="bid_type">simple</field>
     <field name="auction_fk" ref="website_auction.abstract_painting_on_auction"/>
    </record>

    <record id="auction_product_subscribber" model="wk.auction.subscriber">
      <field name="partner_id" ref="base.partner_admin"/>
      <field name="wk_auction_fk" ref="website_auction.abstract_painting_on_auction"/>
     </record>
  </data>
</odoo>